"Status","Start Time","Stop Time","Duration in ms","Parent Suite","Suite","Sub Suite","Test Class","Test Method","Name","Description"
"passed","Tue Jul 26 15:06:16 CST 2022","Tue Jul 26 15:06:16 CST 2022","1","tests","test_case","","","","test_api[data8]",""
"passed","Tue Jul 26 15:06:16 CST 2022","Tue Jul 26 15:06:16 CST 2022","10","tests","test_case","","","","test_api[data14]",""
"passed","Tue Jul 26 15:06:16 CST 2022","Tue Jul 26 15:06:16 CST 2022","1","tests","test_case","","","","test_api[data21]",""
"passed","Tue Jul 26 15:06:16 CST 2022","Tue Jul 26 15:06:16 CST 2022","0","tests","test_case","","","","test_api[data18]",""
"passed","Tue Jul 26 15:06:16 CST 2022","Tue Jul 26 15:06:16 CST 2022","0","tests","test_case","","","","test_api[data11]",""
"passed","Tue Jul 26 15:06:16 CST 2022","Tue Jul 26 15:06:16 CST 2022","0","tests","test_case","","","","test_api[data4]",""
"passed","Tue Jul 26 15:06:16 CST 2022","Tue Jul 26 15:06:16 CST 2022","0","tests","test_case","","","","test_api[data7]",""
"passed","Tue Jul 26 15:06:16 CST 2022","Tue Jul 26 15:06:16 CST 2022","0","tests","test_case","","","","test_api[data5]",""
"passed","Tue Jul 26 15:06:16 CST 2022","Tue Jul 26 15:06:16 CST 2022","0","tests","test_case","","","","test_api[data6]",""
"passed","Tue Jul 26 15:06:16 CST 2022","Tue Jul 26 15:06:16 CST 2022","0","tests","test_case","","","","test_api[data16]",""
"passed","Tue Jul 26 15:06:16 CST 2022","Tue Jul 26 15:06:16 CST 2022","0","tests","test_case","","","","test_api[data10]",""
"passed","Tue Jul 26 15:06:16 CST 2022","Tue Jul 26 15:06:16 CST 2022","0","tests","test_case","","","","test_api[data13]",""
"passed","Tue Jul 26 15:06:16 CST 2022","Tue Jul 26 15:06:16 CST 2022","0","tests","test_case","","","","test_api[data15]",""
"passed","Tue Jul 26 15:06:16 CST 2022","Tue Jul 26 15:06:16 CST 2022","0","tests","test_case","","","","test_api[data17]",""
"passed","Tue Jul 26 15:06:16 CST 2022","Tue Jul 26 15:06:16 CST 2022","1","tests","test_case","","","","test_api[data9]",""
"failed","Tue Jul 26 15:06:16 CST 2022","Tue Jul 26 15:06:16 CST 2022","100","tests","test_case","","","","test_api[data19]",""
"passed","Tue Jul 26 15:06:16 CST 2022","Tue Jul 26 15:06:16 CST 2022","0","tests","test_case","","","","test_api[data1]",""
"passed","Tue Jul 26 15:06:16 CST 2022","Tue Jul 26 15:06:16 CST 2022","1","tests","test_case","","","","test_api[data2]",""
"passed","Tue Jul 26 15:06:16 CST 2022","Tue Jul 26 15:06:16 CST 2022","0","tests","test_case","","","","test_api[data12]",""
"passed","Tue Jul 26 15:06:16 CST 2022","Tue Jul 26 15:06:16 CST 2022","0","tests","test_case","","","","test_api[data20]",""
"passed","Tue Jul 26 15:06:16 CST 2022","Tue Jul 26 15:06:16 CST 2022","0","tests","test_case","","","","test_api[data0]",""
"passed","Tue Jul 26 15:06:16 CST 2022","Tue Jul 26 15:06:16 CST 2022","1","tests","test_case","","","","test_api[data3]",""
